11394_Elizabeth.variant	11394_Elizabeth.variant
11558_Billyjoe.variant2	11558_Billyjoe.variant2
11634_Kasia.variant3	11634_Kasia.variant3
11731_Topsy.variant4	11731_Topsy.variant4
11863_Kizi.variant5	11863_Kizi.variant5
12171_Dora.variant6	12171_Dora.variant6
12192_Katche.variant7	12192_Katche.variant7
12440_Jachi.variant8	12440_Jachi.variant8
12466_Solo.variant9	12466_Solo.variant9
12484_Jasmine.variant10	12484_Jasmine.variant10
12546_Bobbi.variant11	12546_Bobbi.variant11
12736_Lucio.variant12	12736_Lucio.variant12
12895_Garip.variant13	12895_Garip.variant13
12956_Suzy.variant14	12956_Suzy.variant14
12968_Kinali.variant15	12968_Kinali.variant15
13163_Giorgia.variant16	13163_Giorgia.variant16
13293_Valentina.variant17	13293_Valentina.variant17
13695_Sango.variant18	13695_Sango.variant18
13704_Peanut.variant19	13704_Peanut.variant19
13857_Naomi.variant20	13857_Naomi.variant20
13871_Madax.variant21	13871_Madax.variant21
14017_Montse.variant22	14017_Montse.variant22
14135_Elvira.variant23	14135_Elvira.variant23
14139_Faye.variant24	14139_Faye.variant24
14164_Jane.variant25	14164_Jane.variant25
14192_Kuba.variant26	14192_Kuba.variant26
14221_Whisky.variant27	14221_Whisky.variant27
14244_Ida.variant28	14244_Ida.variant28
14248_Gangga.variant29	14248_Gangga.variant29
343_Bashful.variant30	343_Bashful.variant30
374_Jimmie.variant31	374_Jimmie.variant31
402_Annie.variant32	402_Annie.variant32
422_Holly.variant33	422_Holly.variant33
430_BigMac.variant34	430_BigMac.variant34
448_Samantha.variant35	448_Samantha.variant35
474_Marbles.variant36	474_Marbles.variant36
476_Harriet.variant37	476_Harriet.variant37
650_Koby.variant38	650_Koby.variant38
KB13672_551_Buddy.variant39	KB13672_551_Buddy.variant39
Mongo_Kinshasa.variant40	Mongo_Kinshasa.variant40
Pan_troglodytes-A996_Diana.variant44	Pan_troglodytes-A996_Diana.variant44
Pan_troglodytes-B010_Ikuru.variant45	Pan_troglodytes-B010_Ikuru.variant45
Pan_troglodytes-N018_Trixie.variant56	Pan_troglodytes-N018_Trixie.variant56
Pan_troglodytes_ellioti-Akwaya_Jean.variant46	Pan_troglodytes_ellioti-Akwaya_Jean.variant46
Pan_troglodytes_ellioti-Banyo.variant47	Pan_troglodytes_ellioti-Banyo.variant47
Pan_troglodytes_ellioti-Basho.variant48	Pan_troglodytes_ellioti-Basho.variant48
Pan_troglodytes_ellioti-Damian.variant49	Pan_troglodytes_ellioti-Damian.variant49
Pan_troglodytes_ellioti-Julie.variant50	Pan_troglodytes_ellioti-Julie.variant50
Pan_troglodytes_ellioti-Kopongo.variant51	Pan_troglodytes_ellioti-Kopongo.variant51
Pan_troglodytes_ellioti-Koto.variant52	Pan_troglodytes_ellioti-Koto.variant52
Pan_troglodytes_ellioti-Paquita.variant53	Pan_troglodytes_ellioti-Paquita.variant53
Pan_troglodytes_ellioti-Taweh.variant54	Pan_troglodytes_ellioti-Taweh.variant54
Pan_troglodytes_ellioti-Tobi.variant55	Pan_troglodytes_ellioti-Tobi.variant55
Pan_troglodytes_schweinfurthii-100037_Vincent.variant57	Pan_troglodytes_schweinfurthii-100037_Vincent.variant57
Pan_troglodytes_schweinfurthii-100040_Andromeda.variant58	Pan_troglodytes_schweinfurthii-100040_Andromeda.variant58
Pan_troglodytes_schweinfurthii-9729_Harriet.variant59	Pan_troglodytes_schweinfurthii-9729_Harriet.variant59
Pan_troglodytes_schweinfurthii-A910_Bwambale.variant60	Pan_troglodytes_schweinfurthii-A910_Bwambale.variant60
Pan_troglodytes_schweinfurthii-A911_Kidongo.variant61	Pan_troglodytes_schweinfurthii-A911_Kidongo.variant61
Pan_troglodytes_schweinfurthii-A912_Nakuu.variant62	Pan_troglodytes_schweinfurthii-A912_Nakuu.variant62
Pan_troglodytes_schweinfurthii-B002_Padda.variant63	Pan_troglodytes_schweinfurthii-B002_Padda.variant63
Pan_troglodytes_schweinfurthii-B007_Cindy.variant64	Pan_troglodytes_schweinfurthii-B007_Cindy.variant64
Pan_troglodytes_schweinfurthii-B011_Frederike.variant65	Pan_troglodytes_schweinfurthii-B011_Frederike.variant65
Pan_troglodytes_schweinfurthii-B012_Washu.variant66	Pan_troglodytes_schweinfurthii-B012_Washu.variant66
Pan_troglodytes_schweinfurthii-B013_Athanga.variant67	Pan_troglodytes_schweinfurthii-B013_Athanga.variant67
Pan_troglodytes_schweinfurthii-B014_Coco.variant68	Pan_troglodytes_schweinfurthii-B014_Coco.variant68
Pan_troglodytes_schweinfurthii-N013_Tongo.variant69	Pan_troglodytes_schweinfurthii-N013_Tongo.variant69
Pan_troglodytes_schweinfurthii-N015_Cleo.variant70	Pan_troglodytes_schweinfurthii-N015_Cleo.variant70
Pan_troglodytes_schweinfurthii-N017_Bihati.variant71	Pan_troglodytes_schweinfurthii-N017_Bihati.variant71
Pan_troglodytes_schweinfurthii-N019_Maya.variant72	Pan_troglodytes_schweinfurthii-N019_Maya.variant72
Pan_troglodytes_troglodytes-10964_Cindy.variant73	Pan_troglodytes_troglodytes-10964_Cindy.variant73
Pan_troglodytes_troglodytes-11352_Mirinda.variant74	Pan_troglodytes_troglodytes-11352_Mirinda.variant74
Pan_troglodytes_troglodytes-11528_Alfred.variant75	Pan_troglodytes_troglodytes-11528_Alfred.variant75
Pan_troglodytes_troglodytes-12311_Ula.variant76	Pan_troglodytes_troglodytes-12311_Ula.variant76
Pan_troglodytes_troglodytes-12320_Lara.variant77	Pan_troglodytes_troglodytes-12320_Lara.variant77
Pan_troglodytes_troglodytes-12348_Luky.variant78	Pan_troglodytes_troglodytes-12348_Luky.variant78
Pan_troglodytes_troglodytes-12420_Gamin.variant79	Pan_troglodytes_troglodytes-12420_Gamin.variant79
Pan_troglodytes_troglodytes-13656_Brigitte.variant80	Pan_troglodytes_troglodytes-13656_Brigitte.variant80
Pan_troglodytes_troglodytes-A957_Vaillant.variant81	Pan_troglodytes_troglodytes-A957_Vaillant.variant81
Pan_troglodytes_troglodytes-A958_Doris.variant82	Pan_troglodytes_troglodytes-A958_Doris.variant82
Pan_troglodytes_troglodytes-A959_Julie.variant83	Pan_troglodytes_troglodytes-A959_Julie.variant83
Pan_troglodytes_troglodytes-A960_Clara.variant84	Pan_troglodytes_troglodytes-A960_Clara.variant84
Pan_troglodytes_troglodytes-A990_Noemie.variant85	Pan_troglodytes_troglodytes-A990_Noemie.variant85
Pan_troglodytes_troglodytes-B021_Yogui.variant86	Pan_troglodytes_troglodytes-B021_Yogui.variant86
Pan_troglodytes_troglodytes-B022_Tibe.variant87	Pan_troglodytes_troglodytes-B022_Tibe.variant87
Pan_troglodytes_troglodytes-B023_Blanquita.variant88	Pan_troglodytes_troglodytes-B023_Blanquita.variant88
Pan_troglodytes_troglodytes-B024_Negrita.variant89	Pan_troglodytes_troglodytes-B024_Negrita.variant89
Pan_troglodytes_troglodytes-B025_Marlin.variant90	Pan_troglodytes_troglodytes-B025_Marlin.variant90
Pan_troglodytes_verus-9668_Bosco.variant91	Pan_troglodytes_verus-9668_Bosco.variant91
Pan_troglodytes_verus-9730_Donald.variant92	Pan_troglodytes_verus-9730_Donald.variant92
Pan_troglodytes_verus-A956_Jimmie.variant93	Pan_troglodytes_verus-A956_Jimmie.variant93
Pan_troglodytes_verus-A991_Berta.variant94	Pan_troglodytes_verus-A991_Berta.variant94
Pan_troglodytes_verus-A992_Annie.variant95	Pan_troglodytes_verus-A992_Annie.variant95
Pan_troglodytes_verus-A993_Mike.variant96	Pan_troglodytes_verus-A993_Mike.variant96
Pan_troglodytes_verus-B005_SeppToni.variant97	Pan_troglodytes_verus-B005_SeppToni.variant97
Pan_troglodytes_verus-B006_Linda.variant98	Pan_troglodytes_verus-B006_Linda.variant98
Pan_troglodytes_verus-Clint.variant99	Pan_troglodytes_verus-Clint.variant99
Pan_troglodytes_verus-N014_Cindy.variant100	Pan_troglodytes_verus-N014_Cindy.variant100
Pan_troglodytes_verus-N016_Alice.variant101	Pan_troglodytes_verus-N016_Alice.variant101
Pan_troglodytes_verus-X00100_Koby.variant102	Pan_troglodytes_verus-X00100_Koby.variant102
SB561_JoeJoe.variant41	SB561_JoeJoe.variant41
SB588_Betty.variant42	SB588_Betty.variant42
Youyou_Kinshasa.variant43	Youyou_Kinshasa.variant43
